aadhaar,name,death_date
893725541723,Mahesh Shah,2025-11-29
986322242576,Amit Joshi,2025-12-27
642374295556,Kiran Desai,2023-02-26
390728753239,Mahesh Shah,2025-03-01
579825443792,Ramesh Patel,2024-02-27
477243792783,Kiran Desai,2023-12-23
535493826638,Ramesh Patel,2024-08-31
610654275158,Suresh Patel,2023-01-08
555946707598,Mahesh Shah,2025-02-03
819524454615,Mahesh Shah,2023-07-01
754978150135,Suresh Patel,2024-07-08
460912644298,Kiran Desai,2024-03-27
302423816077,Suresh Patel,2025-08-18
796398686706,Sureshbhai Patel,2024-07-22
378372600636,Amit Joshi,2025-01-30
773729254454,Kiran Desai,2025-08-08
421892838529,Ramesh Patel,2024-12-20
355995974605,Rmsh Patel,2025-11-22
441557723637,Ramesh Patel,2023-03-29
781138221841,Sureshbhai Patel,2023-05-27
865719795998,Mahesh S.,2023-03-21
778024607449,Mahesh Shah,2023-05-06
793038686274,Suresh Patel,2024-01-03
794105056349,Amit Joshi,2024-01-23
917887823974,Amit Joshi,2023-08-24
119429814577,Amit Joshi,2023-08-26
274072171178,Amit Joshi,2023-05-18
966323937743,Kiran D.,2024-05-08
735611109228,Rmsh Patel,2025-08-08
562792057600,Kiran Desai,2025-08-27
428602635184,Amit Joshi,2025-10-14
521667729668,Maheshbhai Shah,2023-07-20
549653760789,Suresh Patel,2025-09-10
265962288340,Mahesh Shah,2023-04-11
312196605862,Kiran Desai,2025-03-29
546390884965,Amit Joshi,2024-03-21
568660961232,Kiran Desai,2024-04-27
772245076800,Mahesh Shah,2024-06-09
838133907313,Ramesh Patel,2023-03-17
490500242077,Mahesh Shah,2025-06-01
660580023766,Ramesh Patel,2025-05-31
616658473891,Mahesh Shah,2025-07-20
224273179604,Amit J.,2025-10-17
999805961603,Amit Joshi,2023-08-27
139761474525,Mahesh Shah,2023-07-17
607011743987,Ramesh Patel,2023-12-31
648210822749,Ramesh Patel,2025-06-21
265361248457,Ramesh Patel,2024-05-26
727248919089,Amit Joshi,2025-08-03
259686765275,Suresh Patel,2023-03-29
559732969211,Ramesh Ptl,2023-02-07
182695101581,Amitbhai Joshi,2024-06-04
602066238159,Rameshbhai Patel,2024-08-02
242654843646,Ramesh Ptl,2025-01-15
741009305755,Kiran D.,2024-07-02
621294420996,Kiran Desai,2025-07-04
108267794898,Mahesh Shah,2025-11-04
838589888441,Kiran D.,2024-10-30
432181930856,Amit Joshi,2025-01-23
796395335237,Kiran Desai,2025-12-30
686313956034,Suresh Patel,2024-09-18
898750443609,Sureshbhai Patel,2023-04-07
858478944546,Suresh Patel,2025-03-25
381265706737,Kiran Desai,2023-08-10
390169843506,Mahesh Shah,2025-10-08
621200001806,Mahesh Shah,2025-05-14
314596670765,Ramesh Patel,2023-01-03
529558307707,Suresh Patel,2024-03-07
113097594900,Kiran Desai,2024-07-09
788582959853,Suresh Patel,2023-09-15
843503219253,Kiran Desai,2025-10-26
300746295458,Ramesh Patel,2024-10-11
442330925811,Suresh Patel,2023-09-22
395678050431,Kiranben Desai,2025-08-07
797482390090,Mahesh Shah,2025-12-29
173618302221,Ramesh Patel,2024-03-08
280040809905,Kiran Desai,2023-03-17
819810747280,Mahesh Shah,2025-07-03
317910901461,Amitbhai Joshi,2025-04-23
857461121607,Amit Joshi,2023-04-12
982504613129,Ramesh Patel,2024-04-30
606385116313,Sureshbhai Patel,2025-05-22
661498206087,Amit Joshi,2023-10-23
421974759655,Ramesh Patel,2023-12-09
925334556678,Sureshbhai Patel,2024-11-25
198761441284,Kiran Desai,2024-09-27
485219423490,Ramesh Patel,2024-02-18
798062316721,Mahesh Shah,2023-06-17
831092968319,Rmsh Patel,2024-06-11
980149470999,Mahesh Shah,2024-09-10
254875936410,Suresh Ptl,2023-12-12
193026415753,Kiran Desai,2024-02-15
665506645889,Rmsh Patel,2023-12-18
668284172430,Kiran Desai,2023-04-29
622483265207,Ramesh Patel,2024-09-15
370477873262,Kiran Desai,2024-06-18
456557823646,Ramesh Patel,2025-05-23
727444419498,Suresh Patel,2023-01-29
802749647613,Amit Joshi,2025-11-18
466624188577,Mahesh Shah,2025-11-12
927939614038,Rameshbhai Patel,2024-08-12
828489831016,Amit Joshi,2024-07-14
593918711132,Suresh Patel,2025-01-06
943675689439,Ramesh Patel,2025-03-06
559925454309,Amitbhai Joshi,2025-04-30
382257024593,Kiran Desai,2025-04-13
887271130082,Ramesh Patel,2025-08-04
386081703432,Suresh Patel,2025-08-15
457895873320,Amit Joshi,2025-03-12
232637715122,Mahesh Shah,2025-12-15
568992422292,Kiran Desai,2025-09-02
340322537216,Amit Joshi,2024-01-09
868240832224,Kiranben Desai,2024-03-06
749151233569,Mahesh Shah,2025-11-02
109428567595,Mahesh S.,2025-05-29
326898671184,Kiran D.,2024-10-20
465315940178,Mahesh S.,2025-12-25
677744868612,Kiran Desai,2024-12-20
298089473553,Ramesh Patel,2024-06-16
449245910623,Mahesh Shah,2024-07-10
875530277523,Suresh Patel,2024-02-04
528912624989,Suresh Patel,2025-12-21
103881559720,Suresh Patel,2025-04-06
483202427151,Amit Joshi,2023-08-29
632825869992,Rmsh Patel,2024-07-08
871672697783,Suresh Patel,2025-02-25
628350671737,Amit J.,2024-09-04
933765141514,Amit Joshi,2023-11-20
363798159907,Suresh Patel,2023-01-06
405409579118,Mahesh S.,2023-07-10
120778853228,Ramesh Patel,2023-05-25
703570323404,Suresh Ptl,2025-03-26
842045424098,Kiran Desai,2025-02-08
427711329711,Amit Joshi,2025-04-13
779766760309,Mahesh Shah,2024-12-10
119501081712,Ramesh Patel,2023-09-14
686380727180,Ramesh Patel,2025-05-31
435671726693,Ramesh Patel,2024-01-17
103936375441,Amit Joshi,2023-12-04
761835199338,Amit Joshi,2023-05-24
963774001663,Suresh Patel,2024-08-13
645055200569,Kiranben Desai,2024-01-18
811302026810,Kiran D.,2025-03-12
317927285860,Ramesh Patel,2023-03-03
652833245879,Amit Joshi,2025-05-08
512600335154,Kiran Desai,2025-03-20
394075703452,Suresh Patel,2023-01-15
387385739348,Ramesh Patel,2025-03-11
784799509121,Amit Joshi,2023-04-03
355630974662,Suresh Patel,2024-06-11
185154468360,Kiran Desai,2025-05-26
721958304298,Kiran Desai,2024-11-01
186777554210,Rameshbhai Patel,2025-07-16
751591296481,Kiran Desai,2023-08-14
408293774619,Ramesh Patel,2023-06-22
406456107732,Suresh Patel,2025-07-05
430711054602,Mahesh Shah,2024-06-05
342615533425,Mahesh S.,2025-10-03
720080445107,Kiran D.,2025-07-16
851642339740,Rameshbhai Patel,2024-03-10
533481920544,Ramesh Patel,2025-08-02
527817544468,Kiran Desai,2023-04-07
519931469102,Suresh Patel,2025-12-24
985941626603,Suresh Patel,2023-01-12
864685855607,Ramesh Patel,2023-01-17
640557118508,Mahesh S.,2025-07-04
400234092833,Suresh Patel,2025-08-31
559457815213,Mahesh Shah,2025-10-13
217326722900,Kiran Desai,2023-12-24
221940583067,Amit Joshi,2024-05-03
571761940621,Amitbhai Joshi,2025-11-03
238159013248,Suresh Patel,2024-04-20
175834211291,Ramesh Patel,2024-08-14
801514194735,Kiran Desai,2025-11-26
477668894699,Ramesh Patel,2024-07-04
146200045145,Kiran Desai,2024-09-20
732869873430,Suresh Patel,2023-08-16
663588968895,Suresh Patel,2024-12-26
623088358336,Suresh Patel,2025-10-08
982853011465,Amitbhai Joshi,2024-10-25
826353622024,Mahesh Shah,2025-11-22
874271024231,Amit Joshi,2023-11-08
616452019165,Kiran Desai,2024-06-07
864999352511,Amit J.,2024-02-06
112075696007,Suresh Patel,2025-05-05
734198025320,Suresh Patel,2023-12-26
705098180805,Amit Joshi,2025-10-25
599087649968,Suresh Patel,2024-06-02
563698645366,Amit Joshi,2024-09-27
946957246704,Ramesh Patel,2025-05-26
290517636897,Maheshbhai Shah,2024-10-23
558850783804,Kiran Desai,2024-08-09
238688286974,Mahesh Shah,2023-11-14
527621748175,Kiran Desai,2023-10-19
916236185836,Mahesh Shah,2024-12-13
873309709763,Kiran Desai,2023-01-13
388601141906,Sureshbhai Patel,2023-05-24
477090736649,Kiran Desai,2024-03-31
498358068164,Suresh Patel,2024-05-09
519610402969,Kiran Desai,2025-04-30
299785426500,Ramesh Patel,2025-02-28
270369406109,Mahesh Shah,2023-03-01
279946737606,Ramesh Patel,2025-05-27
630178555044,Kiran Desai,2025-05-13
705472896110,Mahesh Shah,2024-02-02
498264565662,Ramesh Patel,2024-02-13
152897704618,Suresh Patel,2023-02-11
248369203040,Kiran Desai,2023-01-20
587079452558,Amitbhai Joshi,2024-12-17
699743518341,Maheshbhai Shah,2024-12-22
403425850562,Ramesh Patel,2024-05-23
246765861404,Ramesh Patel,2023-10-08
174981651956,Kiran Desai,2024-06-03
601620292233,Suresh Patel,2023-12-22
968408795026,Kiran Desai,2025-03-14
803106614420,Mahesh Shah,2025-01-28
422152896842,Amit Joshi,2024-06-20
659743069186,Ramesh Patel,2024-03-14
807646566886,Kiran D.,2025-11-26
297553596995,Kiran Desai,2023-12-27
418527473695,Ramesh Patel,2023-04-17
934177592116,Kiran Desai,2024-10-17
996686836425,Suresh Patel,2025-01-12
106676012492,Amit Joshi,2023-02-12
625117815674,Sureshbhai Patel,2024-10-13
186697448109,Suresh Patel,2023-11-04
740007604466,Mahesh Shah,2023-03-21
714334394191,Ramesh Patel,2025-05-31
606046387346,Kiran D.,2024-01-10
521733155715,Mahesh Shah,2025-10-02
358441039218,Kiran Desai,2024-01-21
400493222461,Kiran D.,2024-07-07
843033042767,Kiran Desai,2024-11-29
589047224125,Kiran Desai,2023-06-19
183526668658,Kiran Desai,2024-12-11
831489680540,Ramesh Patel,2024-02-10
797437616018,Mahesh Shah,2024-05-30
591710788070,Amit Joshi,2025-07-27
481723443619,Ramesh Patel,2023-08-30
686940745760,Mahesh Shah,2024-08-03
283863579342,Ramesh Patel,2023-09-13
537159481144,Amit J.,2023-02-17
919838928418,Rameshbhai Patel,2025-08-28
926877771984,Amit Joshi,2023-10-05
815584636395,Ramesh Patel,2025-08-23
554763785828,Ramesh Patel,2024-08-02
367471854522,Mahesh Shah,2025-12-10
384476715606,Amitbhai Joshi,2023-12-06
175776547955,Ramesh Patel,2024-08-06
664735978621,Suresh Patel,2025-05-20
211845093731,Suresh Patel,2023-02-03
137497707355,Mahesh Shah,2025-11-14
168097053129,Mahesh Shah,2025-01-24
125502509040,Rmsh Patel,2025-12-17
302409027491,Amit Joshi,2023-10-09
312351687874,Sureshbhai Patel,2023-12-16
904841879271,Mahesh Shah,2024-06-22
668476443770,Ramesh Patel,2023-01-10
608804542302,Kiran Desai,2024-02-02
131027029682,Suresh Ptl,2023-08-16
546210935043,Ramesh Patel,2023-05-24
745026796148,Suresh Patel,2024-07-03
141610248743,Sureshbhai Patel,2023-03-05
919807367976,Kiran Desai,2024-01-27
178234882321,Ramesh Patel,2025-09-01
334318120904,Amit Joshi,2023-12-11
279362655022,Suresh Patel,2025-02-03
818977535272,Amit Joshi,2023-03-23
693173665196,Mahesh Shah,2025-05-17
554962080874,Mahesh Shah,2025-07-29
635069240179,Sureshbhai Patel,2025-04-14
171131704697,Amit Joshi,2024-05-02
441388837722,Mahesh Shah,2023-01-07
720582471593,Ramesh Ptl,2024-05-13
982083983564,Kiran D.,2024-04-18
405180563782,Kiran Desai,2025-01-03
291538444761,Kiran Desai,2024-08-06
796190768366,Amitbhai Joshi,2024-04-23
320332838349,Suresh Patel,2023-11-29
615689362779,Mahesh Shah,2023-01-16
536864327271,Mahesh Shah,2024-01-06
749810458909,Amit Joshi,2025-09-02
661278377127,Ramesh Patel,2023-12-01
131897656836,Amit Joshi,2025-08-05
741791220985,Ramesh Patel,2024-10-03
859010511026,Ramesh Patel,2024-09-01
680466016861,Ramesh Patel,2023-07-05
737398081861,Ramesh Patel,2024-08-01
596723833178,Suresh Patel,2025-09-26
245926981142,Ramesh Patel,2023-02-23
602911715352,Ramesh Patel,2025-10-07
715310215056,Kiranben Desai,2023-03-20
620920263757,Amit Joshi,2025-02-11
330277857202,Rameshbhai Patel,2025-09-26
947008488741,Ramesh Patel,2024-05-04
664730770692,Amit Joshi,2024-08-31
146794506778,Amit Joshi,2024-11-02
766021044959,Ramesh Patel,2025-11-11
113251012329,Amit Joshi,2024-07-02
602483296445,Amit Joshi,2025-08-07
792923972217,Amit J.,2025-01-08
436798347568,Amit Joshi,2025-08-29
352975736581,Mahesh Shah,2024-03-11
158078116602,Suresh Patel,2023-10-04
760783979455,Kiran Desai,2023-06-12
215892366739,Ramesh Patel,2025-07-23
767010750995,Mahesh Shah,2023-09-02
324979134873,Amit Joshi,2025-12-08
641715531081,Kiran Desai,2023-01-06
273243373436,Suresh Patel,2023-05-19
350583963423,Kiran Desai,2025-11-01
329015694073,Amit Joshi,2025-06-08
588637983739,Suresh Patel,2025-06-28
967464532607,Ramesh Patel,2024-04-22
391761620090,Amit Joshi,2024-01-08
425865803927,Amit Joshi,2023-06-02
669127177488,Suresh Patel,2025-06-28
935078505329,Kiran Desai,2024-10-21
507465823039,Amit Joshi,2024-10-05
104688044575,Kiran Desai,2024-07-01
716037382934,Amit Joshi,2024-01-02
111940719679,Rameshbhai Patel,2025-07-17
707215720248,Ramesh Patel,2024-09-22
584796401486,Mahesh Shah,2025-04-10
258094693066,Suresh Patel,2025-06-04
753373712306,Rmsh Patel,2024-09-25
551169659023,Ramesh Patel,2024-08-05
484085722933,Kiranben Desai,2025-07-23
416345026217,Kiran Desai,2024-09-08
632652391890,Suresh Patel,2024-05-26
778464528046,Mahesh Shah,2024-09-30
741497450615,Kiran Desai,2025-03-05
968191536603,Amit Joshi,2025-12-26
364052616443,Ramesh Patel,2024-09-20
838195565544,Suresh Patel,2025-07-13
520490086018,Amit Joshi,2023-02-21
846594206894,Kiran Desai,2025-07-02
549957798215,Ramesh Patel,2025-08-22
533436397258,Amit Joshi,2025-02-07
951509426882,Kiran Desai,2025-05-30
728474246029,Ramesh Patel,2024-12-15
947229361142,Rmsh Patel,2024-02-24
129592926462,Amit Joshi,2024-11-23
616560332582,Rameshbhai Patel,2023-06-18
867461651763,Kiran Desai,2025-07-19
458431360608,Amit Joshi,2023-03-08
243015400709,Ramesh Patel,2024-06-03
103398262106,Suresh Ptl,2024-07-05
676630519771,Mahesh Shah,2025-09-04
995006891757,Rmsh Patel,2023-10-25
161228740210,Suresh Patel,2024-01-25
660687980971,Amit Joshi,2023-08-31
443404333135,Ramesh Patel,2024-12-28
686470901868,Kiran Desai,2025-12-02
616705761167,Suresh Patel,2024-06-17
570277354694,Amit J.,2023-03-04
141973042071,Kiran Desai,2025-05-16
563350510856,Suresh Ptl,2023-07-30
290984307421,Kiran Desai,2023-06-29
316391199366,Kiran Desai,2024-07-30
279306276391,Suresh Patel,2024-09-25
699778057467,Kiran Desai,2025-09-04
342969934626,Ramesh Patel,2024-11-20
674080462971,Ramesh Patel,2025-01-13
633652786403,Suresh Patel,2023-06-09
150613340289,Suresh Patel,2023-04-12
427376204765,Amit Joshi,2024-06-25
956824823153,Ramesh Patel,2024-09-18
331429796466,Ramesh Patel,2023-10-06
947653133021,Suresh Patel,2023-03-03
923450706877,Suresh Patel,2023-02-08
332093913811,Rmsh Patel,2023-03-27
202734744508,Amit Joshi,2023-03-09
952825301608,Ramesh Patel,2024-11-07
115761083524,Mahesh Shah,2024-06-12
521635933760,Mahesh Shah,2023-09-03
933367301056,Mahesh S.,2025-03-01
753206795115,Suresh Patel,2025-07-26
326284477199,Ramesh Patel,2024-12-17
277964071597,Kiran Desai,2025-08-16
152863102963,Kiran Desai,2025-04-29
804712803192,Kiran Desai,2024-06-16
322680950797,Ramesh Patel,2024-04-14
257777598125,Ramesh Patel,2025-11-15
283683185301,Kiran Desai,2024-05-24
435228346659,Suresh Patel,2024-02-17
277534576130,Suresh Patel,2025-07-16
381769543314,Ramesh Patel,2024-10-04
490891707303,Amit Joshi,2025-12-19
276466188681,Kiran Desai,2025-03-12
821330301612,Mahesh Shah,2024-01-13
646606921329,Amit Joshi,2025-10-04
404181308125,Amit Joshi,2023-08-22
300850022770,Ramesh Patel,2024-12-27
135488097853,Ramesh Patel,2023-05-28
342310065496,Sureshbhai Patel,2025-10-04
335375432987,Mahesh Shah,2023-05-13
537355524230,Ramesh Patel,2024-04-09
597848350946,Ramesh Patel,2023-02-07
619124540849,Kiran Desai,2025-04-05
433858663857,Amit Joshi,2024-11-26
555317105711,Amit Joshi,2025-01-19
155156951565,Ramesh Patel,2024-06-03
769344229978,Suresh Patel,2024-04-29
254000576805,Amit J.,2024-06-26
304978075023,Amit Joshi,2023-01-25
278173207083,Mahesh Shah,2024-11-24
117667201068,Ramesh Ptl,2025-04-04
194788771765,Ramesh Patel,2025-12-31
239444427980,Amit J.,2025-10-01
762161780194,Kiran Desai,2023-12-30
854245888147,Rameshbhai Patel,2024-12-08
788255009810,Ramesh Patel,2024-07-15
136456425006,Mahesh Shah,2025-05-14
168933822859,Amit Joshi,2025-04-23
733003140738,Maheshbhai Shah,2024-01-02
381309470795,Mahesh Shah,2025-02-11
510043387222,Kiran Desai,2024-09-22
848775131817,Mahesh Shah,2025-01-10
508267241942,Kiran D.,2024-02-04
777891408058,Suresh Patel,2025-11-23
443009149014,Kiran Desai,2024-03-31
744367190914,Suresh Patel,2025-11-11
483715452578,Mahesh Shah,2023-01-02
628484508291,Suresh Patel,2024-01-21
495749562877,Mahesh Shah,2023-11-29
901933512379,Suresh Patel,2023-08-22
655080451102,Suresh Patel,2024-03-14
396464019232,Amit Joshi,2024-03-01
407750507286,Amit Joshi,2025-12-31
869588436875,Mahesh Shah,2025-01-14
277285272823,Amit Joshi,2023-01-23
931001694902,Amit Joshi,2025-04-23
899814274979,Mahesh Shah,2025-10-07
217757071701,Ramesh Patel,2023-01-30
461530333598,Mahesh Shah,2023-11-25
678324776666,Amit Joshi,2023-03-18
284255780251,Suresh Patel,2024-12-08
921979060400,Suresh Patel,2023-11-25
488982913143,Ramesh Patel,2024-07-06
492365824473,Ramesh Patel,2024-04-12
691770054916,Ramesh Patel,2024-01-18
470714412569,Mahesh Shah,2025-07-18
968673868068,Ramesh Patel,2023-01-17
695363787127,Mahesh Shah,2023-05-19
527824262791,Ramesh Ptl,2023-09-08
738115067332,Ramesh Patel,2025-11-25
561635199428,Amit Joshi,2024-11-14
283087208678,Suresh Patel,2025-08-01
398219420346,Amit Joshi,2025-12-28
794585729327,Amit Joshi,2023-07-16
180496716096,Kiran Desai,2024-03-04
965296481747,Suresh Patel,2024-11-17
133209496986,Amit J.,2024-09-29
655116675959,Amitbhai Joshi,2024-02-04
749366572700,Mahesh S.,2025-09-23
989090293683,Amit Joshi,2025-07-05
973197109546,Amitbhai Joshi,2023-03-17
419314246611,Amit Joshi,2023-04-03
672250516961,Mahesh S.,2023-07-06
250736353902,Mahesh Shah,2025-05-13
930347758475,Amit Joshi,2024-08-23
570648352358,Ramesh Patel,2025-08-25
464688755563,Amit Joshi,2025-12-28
633997720072,Mahesh Shah,2024-01-27
675757188903,Kiran Desai,2024-07-06
690592330657,Mahesh Shah,2025-04-28
268763849459,Kiran Desai,2023-12-26
911845453164,Ramesh Patel,2024-05-19
966821366679,Suresh Patel,2024-11-12
350919048659,Amit Joshi,2023-03-28
632160299244,Mahesh Shah,2025-10-13
866528205607,Suresh Patel,2023-04-06
602311967996,Amit Joshi,2024-10-21
820995954071,Suresh Patel,2024-12-06
781375196849,Ramesh Patel,2024-04-28
552890930039,Ramesh Patel,2023-05-23
750314760925,Suresh Patel,2023-10-12
239926232289,Amit Joshi,2023-07-18
595605492167,Rmsh Patel,2024-12-20
709325702440,Amit Joshi,2023-11-18
408427489855,Kiran Desai,2024-02-07
530741858165,Ramesh Ptl,2023-01-27
475150705075,Ramesh Patel,2024-11-14
894461615648,Mahesh Shah,2025-08-28
993386854457,Amit Joshi,2023-06-20
385112563173,Amit Joshi,2024-09-13
261566223535,Ramesh Patel,2023-04-10
441231130209,Kiranben Desai,2024-06-20
674810375170,Kiran Desai,2023-12-12
100150248248,Amit Joshi,2025-10-24
763375510128,Ramesh Patel,2023-11-15
378648011570,Mahesh Shah,2023-08-22
129982677122,Maheshbhai Shah,2024-12-09
249657274940,Ramesh Patel,2025-03-16
143876281848,Kiran Desai,2025-03-01
908491227120,Kiran Desai,2024-10-02
882219819740,Suresh Patel,2023-10-23
304625635203,Ramesh Ptl,2024-10-04
734127060552,Maheshbhai Shah,2024-02-16
798581187064,Kiran Desai,2024-11-20
675963398231,Amitbhai Joshi,2024-10-13
314844343060,Ramesh Patel,2023-06-23
996401285846,Mahesh Shah,2025-06-10
480901885846,Amit Joshi,2025-01-25
787225283700,Kiran D.,2024-01-02
787700900030,Mahesh Shah,2025-02-03
370325640651,Kiran Desai,2023-11-29
185670566502,Kiran Desai,2025-01-22
846459700110,Amit Joshi,2025-02-24
400431223222,Ramesh Patel,2023-07-12
488232828526,Ramesh Patel,2023-03-10
679023062315,Suresh Ptl,2023-02-24
674380760837,Kiran Desai,2023-03-20
289404611829,Rmsh Patel,2023-12-09
846677136500,Kiran Desai,2024-01-19
847229689596,Kiranben Desai,2025-11-15
884025779087,Mahesh Shah,2023-01-23
180859640713,Rameshbhai Patel,2023-12-10
203869636828,Suresh Patel,2023-10-05
433783524995,Ramesh Patel,2025-07-18
466935189864,Rameshbhai Patel,2025-02-01
618718483957,Amit Joshi,2024-07-11
554271719568,Kiran Desai,2025-05-16
353260886372,Ramesh Ptl,2023-05-05
691285412403,Amit Joshi,2025-04-29
143829320208,Ramesh Patel,2025-08-07
693871641439,Kiran Desai,2025-02-23
476692129793,Mahesh Shah,2024-04-26
856482891915,Kiran Desai,2024-07-23
648209202959,Suresh Patel,2023-05-30
504977035957,Amit Joshi,2023-06-11
636080887687,Ramesh Patel,2023-07-19
923714639550,Rameshbhai Patel,2024-08-22
253583863072,Kiran D.,2023-04-21
809853008007,Amit Joshi,2024-01-02
362628331230,Suresh Ptl,2023-05-22
700615948715,Ramesh Patel,2025-07-31
573654895156,Mahesh Shah,2024-02-22
999076356349,Mahesh Shah,2025-10-16
901796374937,Amitbhai Joshi,2024-09-09
363661702377,Kiran Desai,2025-06-08
613525981201,Amit Joshi,2023-07-11
983649965648,Kiran Desai,2023-05-03
273856455279,Suresh Patel,2024-05-01
731997600262,Mahesh S.,2025-02-07
291571570802,Kiran Desai,2025-01-11
495136136742,Amit Joshi,2023-02-05
232704063290,Rmsh Patel,2023-09-08
694136380078,Amit Joshi,2025-03-31
601413704665,Amitbhai Joshi,2023-02-17
254879876143,Amit Joshi,2024-07-25
780527419267,Ramesh Patel,2025-11-20
389857112778,Suresh Patel,2025-01-16
374614010331,Amit J.,2024-07-14
585450712194,Suresh Patel,2023-09-21
923248421531,Mahesh Shah,2024-11-18
716193615808,Ramesh Patel,2023-03-22
438269542414,Mahesh Shah,2024-04-15
288380070339,Ramesh Patel,2025-10-16
155390347429,Mahesh S.,2025-10-04
206699900666,Ramesh Patel,2025-06-06
244570607544,Mahesh Shah,2024-09-15
888229661126,Mahesh Shah,2025-07-05
574452896942,Amit Joshi,2023-05-18
992719331874,Amit Joshi,2023-04-22
377621737946,Kiranben Desai,2024-01-24
369289685637,Mahesh Shah,2024-11-23
908459872454,Mahesh Shah,2023-05-04
943162992275,Kiran Desai,2025-06-14
566607360526,Amit Joshi,2023-01-06
984867762642,Mahesh Shah,2025-07-12
450820974384,Kiranben Desai,2024-06-19
990386695457,Amit Joshi,2023-06-20
612023058407,Kiran Desai,2023-11-30
921192384279,Mahesh Shah,2024-12-13
755974166506,Mahesh Shah,2025-09-12
802104876256,Maheshbhai Shah,2023-01-16
752393982097,Kiran Desai,2025-06-16
739966859362,Mahesh Shah,2025-02-22
839836206592,Amit Joshi,2024-06-02
773039711633,Rmsh Patel,2025-12-25
720909153219,Mahesh Shah,2025-06-04
193866156721,Ramesh Patel,2025-06-07
850110681657,Mahesh Shah,2023-09-28
975845455575,Mahesh Shah,2023-09-05
654762636108,Mahesh Shah,2023-10-29
882938160781,Mahesh Shah,2025-10-19
424348873733,Kiran Desai,2024-11-10
100017531033,Kiran Desai,2024-08-30
587468936946,Suresh Patel,2025-11-27
136631086237,Kiran Desai,2024-02-10
247919957707,Mahesh Shah,2025-05-27
725452203902,Amit Joshi,2023-02-28
278264854735,Ramesh Patel,2024-01-26
646280645020,Kiran Desai,2024-05-23
420018509149,Kiran Desai,2025-08-22
672490035667,Amitbhai Joshi,2025-06-08
466947662750,Ramesh Patel,2024-12-07
940633458024,Ramesh Patel,2024-12-14
791400748249,Mahesh S.,2024-05-11
653556295480,Ramesh Patel,2023-07-16
975581526932,Kiran Desai,2025-05-10
113187918329,Maheshbhai Shah,2024-03-02
122916380597,Ramesh Patel,2025-07-02
867900771220,Rmsh Patel,2025-10-01
365544340452,Suresh Ptl,2024-09-14
384083831436,Rameshbhai Patel,2025-02-03
915426512638,Ramesh Patel,2023-06-29
587993386755,Kiran Desai,2024-02-16
118402686115,Amit Joshi,2025-03-03
480286035336,Mahesh Shah,2024-08-06
116113281517,Ramesh Patel,2023-04-27
950056026194,Kiran Desai,2024-02-18
431988054269,Mahesh Shah,2023-10-26
603821263478,Ramesh Patel,2023-05-29
523485945415,Mahesh Shah,2025-12-28
512425878347,Ramesh Patel,2024-09-13
895064079870,Kiran Desai,2023-11-01
330102744094,Ramesh Patel,2023-12-31
848665925969,Amit Joshi,2024-09-27
579171095550,Amit Joshi,2025-06-03
971218672162,Ramesh Ptl,2024-01-05
142015419912,Sureshbhai Patel,2025-10-04
972061396010,Suresh Patel,2025-07-02
658511864721,Kiran Desai,2024-04-03
958641533231,Kiranben Desai,2025-03-02
281613026121,Kiranben Desai,2023-12-29
616195561938,Ramesh Patel,2023-04-20
272921672773,Ramesh Patel,2024-08-26
605645347792,Kiran Desai,2024-05-29
414905137239,Suresh Patel,2024-12-27
286864345876,Ramesh Patel,2025-07-15
931207730414,Kiran Desai,2023-02-15
310593073762,Ramesh Patel,2023-02-14
753596972319,Kiran Desai,2025-04-19
210281711270,Amit Joshi,2024-07-02
592169128491,Ramesh Patel,2023-06-12
761007395060,Amit Joshi,2024-02-29
616540967410,Ramesh Patel,2024-01-12
947666827117,Suresh Patel,2025-11-20
893793620519,Kiran Desai,2025-01-26
100726632601,Maheshbhai Shah,2025-03-09
692591484475,Mahesh Shah,2025-11-27
919502034154,Mahesh Shah,2025-07-26
640794305018,Amitbhai Joshi,2025-03-01
352265379885,Kiran Desai,2023-06-26
859857109026,Ramesh Patel,2024-01-03
694622442351,Mahesh Shah,2024-08-22
669091769822,Kiran Desai,2024-06-13
616665591512,Suresh Patel,2024-05-21
588987938540,Kiran Desai,2025-03-19
167417985921,Mahesh Shah,2023-05-12
120528713795,Rameshbhai Patel,2023-12-14
452178661667,Mahesh Shah,2025-11-27
413203647565,Amit Joshi,2025-05-24
878962120608,Kiran Desai,2024-05-24
610427976975,Suresh Patel,2025-09-25
677874667624,Amit Joshi,2023-03-04
454031131417,Kiran Desai,2024-09-28
594745192267,Suresh Patel,2025-02-28
948423645106,Amit Joshi,2025-03-22
467337402205,Sureshbhai Patel,2024-02-26
841229208673,Amit J.,2023-01-06
855108090358,Suresh Patel,2025-09-17
448077980955,Kiran Desai,2023-11-18
344472847929,Suresh Patel,2024-12-13
433019888522,Ramesh Patel,2024-04-05
467670716757,Kiran Desai,2025-12-11
746388253985,Maheshbhai Shah,2024-07-02
268383639454,Kiran Desai,2023-05-31
316292850384,Mahesh Shah,2024-09-09
567195418612,Maheshbhai Shah,2024-06-19
595975913922,Ramesh Patel,2024-12-08
782546522415,Amit Joshi,2024-05-31
405749555189,Ramesh Patel,2025-11-16
835669187785,Amitbhai Joshi,2024-01-22
689965215679,Amit Joshi,2025-12-28
580352510063,Amit Joshi,2024-02-13
371304889784,Ramesh Patel,2023-08-09
474617997917,Kiran Desai,2024-03-07
971970116132,Ramesh Patel,2025-11-07
579459089556,Kiran Desai,2025-01-30
574916408801,Sureshbhai Patel,2023-08-04
991761593615,Ramesh Patel,2023-01-20
193496059211,Kiran Desai,2023-06-16
676031161254,Kiran Desai,2024-02-22
257240186457,Amit Joshi,2023-12-28
162600508550,Suresh Ptl,2023-11-18
537020910326,Mahesh Shah,2024-04-10
204514578413,Amit Joshi,2023-01-04
901167445797,Suresh Patel,2023-06-02
937595868134,Ramesh Patel,2025-05-23
812908234759,Sureshbhai Patel,2023-08-25
900905733482,Mahesh Shah,2025-04-26
695244523971,Sureshbhai Patel,2025-09-19
873676458516,Kiran D.,2025-12-05
815284079705,Amit Joshi,2023-07-24
601227637588,Kiranben Desai,2025-07-09
809520377073,Amit Joshi,2023-04-16
651273666453,Ramesh Patel,2024-02-09
657969997508,Mahesh Shah,2025-07-19
254716911210,Ramesh Patel,2024-02-29
509393205537,Suresh Patel,2025-01-03
274456503785,Rameshbhai Patel,2023-06-18
469530724876,Kiran Desai,2024-01-18
873280258115,Mahesh S.,2024-04-27
950805269923,Mahesh Shah,2025-10-22
317127209281,Kiran Desai,2023-07-07
294754940027,Kiran Desai,2025-09-09
748612922109,Ramesh Patel,2023-12-03
220488921033,Amit Joshi,2023-01-23
619083744714,Kiran Desai,2023-05-26
281815864145,Ramesh Ptl,2025-02-06
236848597591,Kiran Desai,2023-02-21
546596380030,Kiran Desai,2025-03-09
673631130059,Suresh Patel,2025-08-02
959549229278,Amit Joshi,2025-04-12
605992804630,Sureshbhai Patel,2023-04-11
451060209640,Kiran Desai,2024-09-10
952538780087,Ramesh Patel,2025-03-18
472009850894,Rameshbhai Patel,2024-05-07
870420800864,Kiran Desai,2023-04-13
717873397200,Mahesh Shah,2023-10-07
474015114582,Kiran Desai,2025-05-24
292158610989,Sureshbhai Patel,2025-03-28
547836922451,Suresh Ptl,2023-08-16
487154168484,Suresh Patel,2024-12-15
368381594566,Kiran D.,2025-09-15
435601177555,Kiran Desai,2025-04-17
492564651490,Suresh Patel,2024-08-05
264244287515,Mahesh Shah,2023-02-10
814853665701,Ramesh Patel,2024-10-03
660765570050,Amit Joshi,2025-02-02
705655562459,Ramesh Patel,2023-03-29
902290998931,Amitbhai Joshi,2023-01-28
366913931043,Ramesh Patel,2023-08-03
360802142987,Kiran Desai,2023-01-05
736402324055,Kiran Desai,2023-10-17
945910956038,Kiran Desai,2023-04-20
406216196660,Amit Joshi,2024-02-11
221538984597,Ramesh Patel,2024-02-08
420611404877,Maheshbhai Shah,2023-05-31
983580362099,Amit Joshi,2025-05-24
412399463438,Mahesh Shah,2024-03-15
843450448080,Mahesh Shah,2024-12-05
111347408539,Mahesh Shah,2023-06-18
516978045715,Ramesh Patel,2023-08-18
188925253149,Ramesh Ptl,2023-02-25
801518158141,Suresh Patel,2024-11-21
161411216573,Ramesh Patel,2024-06-23
672358698373,Kiran Desai,2024-08-19
986661484182,Ramesh Patel,2025-12-13
593722738445,Ramesh Patel,2023-12-17
628597248436,Amit Joshi,2023-04-22
877477288906,Mahesh Shah,2024-08-28
802516148322,Kiran Desai,2024-12-18
793174674551,Mahesh Shah,2024-04-05
657414131629,Suresh Patel,2024-10-03
503546804439,Mahesh Shah,2025-06-18
662184498602,Maheshbhai Shah,2025-10-05
733705958731,Ramesh Patel,2025-07-24
368503933708,Amitbhai Joshi,2024-11-30
334916824343,Suresh Patel,2024-05-27
517069009009,Kiran Desai,2023-05-14
312406700705,Rmsh Patel,2025-11-28
487494871158,Amit Joshi,2024-04-24
975385670033,Mahesh Shah,2023-07-26
127355183310,Ramesh Patel,2023-06-06
184294693300,Mahesh Shah,2024-03-10
961685293119,Amit Joshi,2023-05-31
800836048195,Ramesh Patel,2024-02-19
457112396876,Kiran Desai,2023-11-13
912440116559,Suresh Ptl,2024-12-20
995775663558,Ramesh Patel,2024-10-20
506700987231,Kiran Desai,2024-11-25
875560504889,Mahesh S.,2025-09-14
821855294590,Kiran D.,2024-02-13
971750599145,Mahesh Shah,2025-07-14
712259506979,Mahesh Shah,2025-08-02
430341837433,Suresh Patel,2023-09-02
236606473680,Amitbhai Joshi,2025-07-07
157541826615,Kiran Desai,2025-02-07
959052042909,Suresh Patel,2024-03-22
538585274458,Amit Joshi,2023-05-13
318780868027,Rameshbhai Patel,2025-04-07
448672645051,Amit Joshi,2023-03-05
919770488998,Mahesh Shah,2025-05-20
378381107340,Suresh Patel,2023-12-02
291175727806,Suresh Patel,2023-08-20
175561322515,Ramesh Patel,2024-07-06
982749884356,Mahesh Shah,2023-07-05
282355987951,Ramesh Patel,2025-08-19
761208061284,Kiranben Desai,2024-07-17
174358588026,Mahesh Shah,2025-06-18
242200175629,Mahesh Shah,2023-05-12
962378365192,Kiran Desai,2023-05-14
835705360975,Mahesh Shah,2025-10-01
575054960681,Mahesh Shah,2023-05-26
405462547651,Amit Joshi,2024-04-23
402846088615,Mahesh Shah,2024-07-19
678865580363,Kiran Desai,2025-07-18
875177527133,Mahesh Shah,2025-09-23
991490671625,Amit J.,2023-05-14
124406936399,Maheshbhai Shah,2025-02-27
819256249633,Maheshbhai Shah,2024-11-20
577746916597,Rmsh Patel,2024-12-30
395546195412,Mahesh Shah,2024-07-21
465186110839,Ramesh Patel,2025-03-28
259405481659,Mahesh Shah,2023-11-02
771715492968,Mahesh Shah,2025-07-18
651374755150,Sureshbhai Patel,2023-11-18
338350248335,Ramesh Patel,2024-03-19
732242279240,Ramesh Patel,2023-08-18
956267325297,Suresh Patel,2024-01-30
888180674212,Suresh Patel,2023-04-15
514638816909,Amitbhai Joshi,2025-03-28
644598922542,Amitbhai Joshi,2023-03-14
309792314352,Mahesh Shah,2025-10-08
587520412572,Ramesh Patel,2025-04-16
112363660057,Amit Joshi,2023-12-02
667162593482,Sureshbhai Patel,2024-11-06
393855526265,Kiran Desai,2023-10-25
429495274470,Kiran D.,2023-03-14
328525927924,Kiran Desai,2024-05-04
222687888843,Suresh Patel,2025-02-20
672329162675,Mahesh Shah,2023-07-23
140719761529,Amit Joshi,2023-11-29
555041362012,Mahesh Shah,2025-11-27
589175855648,Ramesh Patel,2025-08-20
826809611538,Ramesh Patel,2023-12-26
423583363437,Amit Joshi,2024-01-13
541275778624,Mahesh Shah,2025-02-01
255832156573,Sureshbhai Patel,2024-04-28
390246126487,Mahesh Shah,2024-06-22
260643645626,Mahesh Shah,2024-09-03
974411026353,Amit Joshi,2023-06-04
323776647284,Kiran Desai,2024-08-02
152124746330,Kiran Desai,2023-07-29
934923978496,Ramesh Ptl,2023-02-26
414646966679,Ramesh Patel,2024-10-10
527458149484,Suresh Patel,2023-10-11
587508586304,Ramesh Ptl,2024-01-23
476147714038,Amit Joshi,2025-10-03
390027131999,Suresh Patel,2024-11-26
277886749466,Amit Joshi,2025-09-23
549421973115,Amit Joshi,2024-10-13
163689187513,Amit J.,2023-03-19
419537812484,Mahesh Shah,2024-06-07
706526927977,Suresh Patel,2023-10-23
701927604434,Amit Joshi,2023-03-24
139990194441,Kiran D.,2023-01-27
726502943622,Amit Joshi,2023-04-17
721529625896,Amit Joshi,2024-06-15
391639801439,Suresh Patel,2025-05-28
553986486357,Kiran Desai,2024-03-07
658160805285,Amit Joshi,2023-03-23
331776155995,Kiran Desai,2023-08-06
412960471577,Ramesh Patel,2024-04-24
415153585928,Rmsh Patel,2024-10-18
736888592481,Ramesh Patel,2023-02-18
712206272868,Amit Joshi,2024-04-05
192603908047,Kiran Desai,2023-01-07
743888144002,Mahesh Shah,2025-01-24
106556432418,Mahesh Shah,2023-02-04
651115364084,Amit Joshi,2024-11-15
617654204697,Ramesh Patel,2023-10-13
523828840514,Amit Joshi,2024-10-08
133726167383,Kiran Desai,2023-10-25
867075253205,Ramesh Patel,2024-02-19
496726684333,Suresh Patel,2024-02-01
806325425642,Kiran Desai,2024-03-19
559852521889,Mahesh Shah,2023-09-27
769080715160,Kiran D.,2025-12-14
812334539223,Amit Joshi,2023-09-05
875136680822,Ramesh Patel,2024-04-11
480067233253,Rmsh Patel,2023-07-31
544479749371,Kiran Desai,2023-10-14
861053034229,Suresh Patel,2024-08-08
529783325837,Amit Joshi,2025-07-19
555059958140,Kiranben Desai,2023-03-24
764367748924,Kiran Desai,2024-10-17
326496988667,Amit Joshi,2025-06-07
526440181654,Mahesh Shah,2023-11-19
897205111908,Suresh Patel,2025-02-11
883118964961,Ramesh Patel,2024-03-20
731651689963,Kiran Desai,2023-10-28
925361217081,Mahesh Shah,2024-04-11
638085642511,Kiran Desai,2023-02-04
135932710827,Suresh Ptl,2023-05-13
201748578213,Suresh Ptl,2023-09-19
755886228390,Kiran Desai,2024-03-27
230206492808,Ramesh Patel,2024-10-05
820784928752,Mahesh Shah,2023-04-18
864860545804,Suresh Patel,2023-01-14
543696169874,Mahesh Shah,2025-04-09
579646998830,Amit Joshi,2025-06-30
601862920043,Amit Joshi,2023-05-21
135261914235,Amit Joshi,2024-09-19
837461891972,Amit Joshi,2024-01-27
307799282672,Maheshbhai Shah,2025-05-14
745737176428,Mahesh Shah,2023-08-25
248923459029,Kiran Desai,2024-08-18
448012780789,Suresh Patel,2025-01-15
804971870896,Suresh Patel,2024-11-24
514664879016,Kiran Desai,2024-06-10
247732945307,Ramesh Patel,2023-12-30
804176813302,Suresh Patel,2024-09-26
131851493347,Mahesh Shah,2023-03-08
229524043139,Ramesh Patel,2024-03-25
379044051897,Ramesh Patel,2025-10-07
913677215465,Maheshbhai Shah,2023-05-07
600256155970,Mahesh Shah,2023-02-08
387022945225,Mahesh Shah,2025-08-26
682980575960,Ramesh Patel,2023-10-24
850434195802,Amit Joshi,2024-11-24
867320738686,Suresh Ptl,2025-01-29
336467663092,Suresh Patel,2025-12-05
113629685001,Rameshbhai Patel,2023-09-19
804437299807,Kiran Desai,2025-01-09
718653789322,Kiran Desai,2024-09-29
551432456461,Kiran Desai,2023-07-30
435523119344,Rmsh Patel,2023-05-07
625361487523,Ramesh Ptl,2025-05-06
775564718746,Suresh Patel,2024-02-19
604075056182,Suresh Patel,2024-01-01
161093941912,Mahesh Shah,2024-08-09
552427504717,Ramesh Patel,2025-09-22
350406616298,Ramesh Patel,2025-03-13
733391315582,Suresh Patel,2023-08-11
650448565744,Suresh Patel,2025-07-26
796531403890,Kiran Desai,2023-04-05
650882510094,Mahesh Shah,2025-05-10
995843071353,Amit Joshi,2023-05-24
997208992567,Rmsh Patel,2024-01-14
528912624989,Amit Joshi,2023-11-25
430994684225,Suresh Patel,2023-04-24
379089689871,Ramesh Ptl,2024-05-17
790850325110,Kiran Desai,2024-02-21
550630595108,Ramesh Patel,2024-02-26
781517754302,Mahesh Shah,2025-06-03
633312105749,Amit Joshi,2024-04-22
224983616874,Ramesh Patel,2023-02-02
821180980712,Mahesh S.,2025-09-11
259428243055,Ramesh Patel,2023-04-16
575209195697,Mahesh Shah,2023-10-06
217068822796,Kiran Desai,2025-10-13
144892271803,Suresh Patel,2023-03-15
156216687674,Mahesh Shah,2023-01-03
785003164627,Mahesh Shah,2024-11-23
623069435185,Suresh Patel,2023-06-21
504550511273,Kiran D.,2023-01-21
255977518260,Kiran Desai,2023-06-05
281103808378,Mahesh Shah,2023-11-12
547468683073,Amit Joshi,2024-05-05
423450894438,Suresh Patel,2025-06-23
258426456984,Amit Joshi,2025-01-22
746431280277,Mahesh Shah,2025-08-12
281968871467,Mahesh Shah,2025-03-22
152062942213,Amit Joshi,2025-03-06
230665608141,Suresh Patel,2023-09-16
867169206879,Maheshbhai Shah,2024-07-18
340772028675,Kiran Desai,2025-04-10
499281993442,Kiran Desai,2024-05-21
191926411984,Ramesh Patel,2025-01-23
539163796411,Suresh Patel,2023-11-21
257366397032,Kiran Desai,2024-04-09
283679858712,Suresh Patel,2023-05-03
695422286141,Amit J.,2024-08-18
910499489417,Maheshbhai Shah,2025-04-12
575312205532,Amit J.,2025-08-27
577839489590,Suresh Patel,2024-01-28
487612297631,Kiran Desai,2023-06-25
371964325878,Suresh Patel,2023-05-30
392890435160,Mahesh Shah,2023-12-25
401563690725,Mahesh Shah,2023-07-15
823731705034,Amit Joshi,2024-09-16
178639505145,Suresh Patel,2023-08-26
397881629730,Amit Joshi,2024-03-21
383451423901,Ramesh Patel,2025-03-05
522224988043,Suresh Patel,2025-04-08
239629600209,Suresh Patel,2023-05-12
400590940350,Ramesh Patel,2023-08-22
154353636441,Ramesh Patel,2023-07-21
401772829574,Kiran D.,2024-08-17
734112368049,Maheshbhai Shah,2025-02-05
797531679603,Sureshbhai Patel,2024-03-20
715643259657,Suresh Ptl,2025-03-26
228785573980,Kiran Desai,2025-03-08
992605803703,Rmsh Patel,2025-11-24
134740930309,Amitbhai Joshi,2024-10-22
171043603681,Sureshbhai Patel,2025-11-12
557813967021,Suresh Patel,2025-05-15
328011044923,Kiran Desai,2023-01-21
915487991567,Kiran Desai,2024-10-23
809662907876,Suresh Patel,2023-03-18
373854542778,Suresh Patel,2025-08-30
720939617303,Mahesh Shah,2024-07-06
608109799592,Amit Joshi,2025-07-21
288992519092,Suresh Patel,2023-10-12
